id,company_id,tag_id
1,1,136
2,1,51
3,1,117
4,1,8
5,2,47
6,2,51
7,2,5
8,3,43
9,3,51
10,4,24
11,4,51
12,5,171
13,5,51
14,6,16
15,6,51
16,6,180
17,7,20
18,7,51
19,7,138
20,7,129
21,8,9
22,8,51
23,9,47
24,9,51
25,9,69
26,10,41
27,10,51
28,10,143
29,10,105
30,10,159
31,11,128
32,11,51
33,12,64
34,12,51
35,12,80
36,12,31
37,13,20
38,13,51
39,13,183
40,14,18
41,14,51
42,14,2
43,15,9
44,15,51
45,15,7
46,15,58
47,16,103
48,16,1
49,16,6
50,16,68
51,16,2
52,17,24
53,17,1
54,17,15
55,17,93
56,17,66
57,18,18
58,18,25
59,18,184
60,18,14
61,18,17
62,19,22
63,19,1
64,19,61
65,19,11
66,19,8
67,20,48
68,20,1
69,21,48
70,21,1
71,22,30
72,22,1
73,22,6
74,23,48
75,23,1
76,24,155
77,24,25
78,25,47
79,25,1
80,25,5
81,25,142
82,25,88
83,26,18
84,26,1
85,26,52
86,26,2
87,26,26
88,27,9
89,27,1
90,27,6
91,27,21
92,27,34
93,28,46
94,28,1
95,29,24
96,29,1
97,29,5
98,29,2
99,29,31
100,30,37
101,30,1
102,31,16
103,31,1
104,32,20
105,32,1
106,33,24
107,33,1
108,33,2
109,33,5
110,34,46
111,34,1
112,34,15
113,35,1
114,36,16
115,36,1
116,37,50
117,37,1
118,37,8
119,37,15
120,38,43
121,38,1
122,38,2
123,39,46
124,39,1
125,40,45
126,40,1
127,40,40
128,40,2
129,40,14
130,41,1
131,42,9
132,42,1
133,43,115
134,43,1
135,43,8
136,44,48
137,44,1
138,45,9
139,45,1
140,46,71
141,46,25
142,46,2
143,46,5
144,47,12
145,47,1
146,47,124
147,47,2
148,48,46
149,48,1
150,48,6
151,49,16
152,49,1
153,49,2
154,49,5
155,49,6
156,50,12
157,50,1
158,50,6
159,50,21
160,51,22
161,51,1
162,52,16
163,52,1
164,52,38
165,52,8
166,53,16
167,53,1
168,54,20
169,54,1
170,54,201
171,54,17
172,55,71
173,55,1
174,55,6
175,56,18
176,56,1
177,56,7
178,56,2
179,56,5
180,57,22
181,57,1
182,57,63
183,57,6
184,58,48
185,58,1
186,58,17
187,59,12
188,59,1
189,60,128
190,60,1
191,61,64
192,61,1
193,62,41
194,62,1
195,62,23
196,62,6
197,63,46
198,63,1
199,63,19
200,63,8
201,63,5
202,64,20
203,64,1
204,65,16
205,65,1
206,66,71
207,66,1
208,66,14
209,66,2
210,66,6
211,66,5
212,67,47
213,67,1
214,68,20
215,68,1
216,68,2
217,69,22
218,69,1
219,69,56
220,69,97
221,69,5
222,70,45
223,70,1
224,70,36
225,71,64
226,71,1
227,71,44
228,71,6
229,72,30
230,72,1
231,72,107
232,72,17
233,73,16
234,73,1
235,74,22
236,74,1
237,74,10
238,74,94
239,74,108
240,74,5
241,74,2
242,75,46
243,75,1
244,75,19
245,75,42
246,75,31
247,75,67
248,76,18
249,76,1
250,76,2
251,76,151
252,76,5
253,77,43
254,77,1
255,78,71
256,78,1
257,78,7
258,78,53
259,79,9
260,79,1
261,79,69
262,79,10
263,79,92
264,79,144
265,79,40
266,80,9
267,80,1
268,81,22
269,81,1
270,81,6
271,81,2
272,82,50
273,82,1
274,82,28
275,83,41
276,83,1
277,83,36
278,83,35
279,84,16
280,84,1
281,85,16
282,85,1
283,86,48
284,86,1
285,87,22
286,87,1
287,87,2
288,87,13
289,87,11
290,87,6
291,88,16
292,88,25
293,88,6
294,89,22
295,89,1
296,89,2
297,90,148
298,90,1
299,90,38
300,90,73
301,91,45
302,91,1
303,91,5
304,91,2
305,91,83
306,92,64
307,92,1
308,93,22
309,93,1
310,94,12
311,94,1
312,94,58
313,94,7
314,94,145
315,95,16
316,95,1
317,96,41
318,96,1
319,96,6
320,96,2
321,97,24
322,97,1
323,98,46
324,98,1
325,98,10
326,98,2
327,98,29
328,99,16
329,99,1
330,99,7
331,99,14
332,99,120
333,100,103
334,100,1
335,100,27
336,101,39
337,101,1
338,102,12
339,102,1
340,102,60
341,102,44
342,102,76
343,102,6
344,102,2
345,103,16
346,103,1
347,103,15
348,103,194
349,104,41
350,104,1
351,105,45
352,105,1
353,106,45
354,106,1
355,107,119
356,107,25
357,107,49
358,107,77
359,108,37
360,108,1
361,108,2
362,108,27
363,109,30
364,109,1
365,109,5
366,110,16
367,110,1
368,111,47
369,111,25
370,112,62
371,112,1
372,112,93
373,112,66
374,113,30
375,113,1
376,113,10
377,113,26
378,113,2
379,114,12
380,114,1
381,114,2
382,114,118
383,114,8
384,115,22
385,115,1
386,116,64
387,116,1
388,116,6
389,116,99
390,116,21
391,117,22
392,117,1
393,117,10
394,117,2
395,118,30
396,118,1
397,119,46
398,119,1
399,120,50
400,120,1
401,121,30
402,121,1
403,122,18
404,122,1
405,122,163
406,123,9
407,123,1
408,123,14
409,123,36
410,124,39
411,124,1
412,125,64
413,125,1
414,125,7
415,126,43
416,126,1
417,126,38
418,126,2
419,127,47
420,127,1
421,128,37
422,128,1
423,128,15
424,128,8
425,129,30
426,129,1
427,129,15
428,129,26
429,130,50
430,130,1
431,130,26
432,131,22
433,131,1
434,131,8
435,132,30
436,132,1
437,132,2
438,132,15
439,133,41
440,133,1
441,133,6
442,134,41
443,134,1
444,134,2
445,135,46
446,135,1
447,135,19
448,135,8
449,136,39
450,136,1
451,136,11
452,136,14
453,136,28
454,136,6
455,137,22
456,137,1
457,137,15
458,137,2
459,137,5
460,138,12
461,138,1
462,139,45
463,139,1
464,139,6
465,139,34
466,139,21
467,140,39
468,140,1
469,140,6
470,141,24
471,141,25
472,141,2
473,141,76
474,142,46
475,142,25
476,142,137
477,143,45
478,143,1
479,143,6
480,143,10
481,143,63
482,144,71
483,144,25
484,144,38
485,145,30
486,145,1
487,145,6
488,146,22
489,146,1
490,146,6
491,146,140
492,147,16
493,147,1
494,147,65
495,147,10
496,147,28
497,148,115
498,148,1
499,149,30
500,149,1
501,149,8
502,149,55
503,150,64
504,150,1
505,150,6
506,150,2
507,151,18
508,151,1
509,152,62
510,152,1
511,152,107
512,152,165
513,152,98
514,152,17
515,152,85
516,153,45
517,153,1
518,153,10
519,153,65
520,154,48
521,154,1
522,155,22
523,155,1
524,155,8
525,155,125
526,156,39
527,156,1
528,157,47
529,157,25
530,158,47
531,158,1
532,158,2
533,158,26
534,159,16
535,159,1
536,159,95
537,159,2
538,160,24
539,160,25
540,160,38
541,160,2
542,161,169
543,161,1
544,162,9
545,162,1
546,163,39
547,163,1
548,163,2
549,163,8
550,163,26
551,163,5
552,164,20
553,164,1
554,164,35
555,164,42
556,164,94
557,164,14
558,164,19
559,165,41
560,165,1
561,166,16
562,166,1
563,166,163
564,166,40
565,166,49
566,167,45
567,167,1
568,167,21
569,167,6
570,168,22
571,168,1
572,168,15
573,168,8
574,169,20
575,169,1
576,169,11
577,169,57
578,170,30
579,170,1
580,171,45
581,171,1
582,171,55
583,171,87
584,172,37
585,172,1
586,173,43
587,173,1
588,174,30
589,174,1
590,175,16
591,175,1
592,175,7
593,175,5
594,175,2
595,176,45
596,176,1
597,177,20
598,177,1
599,178,12
600,178,1
601,179,9
602,179,1
603,179,28
604,179,58
605,179,110
606,179,2
607,179,7
608,180,48
609,180,1
610,180,6
611,181,30
612,181,1
613,181,14
614,181,86
615,181,17
616,182,71
617,182,1
618,183,22
619,183,1
620,183,141
621,183,188
622,183,13
623,183,59
624,184,64
625,184,1
626,185,48
627,185,1
628,185,6
629,185,63
630,185,60
631,186,16
632,186,25
633,187,46
634,187,1
635,187,2
636,188,22
637,188,1
638,188,6
639,188,14
640,189,41
641,189,1
642,189,7
643,189,117
644,190,12
645,190,1
646,191,22
647,191,1
648,191,5
649,191,8
650,191,2
651,192,24
652,192,1
653,193,128
654,193,1
655,194,12
656,194,1
657,194,6
658,195,16
659,195,1
660,195,65
661,195,17
662,196,41
663,196,1
664,196,7
665,196,106
666,197,111
667,197,25
668,198,22
669,198,1
670,198,8
671,198,13
672,198,15
673,199,46
674,199,1
675,199,70
676,199,11
677,200,46
678,200,1
679,200,6
680,201,9
681,201,1
682,201,38
683,201,113
684,201,77
685,201,106
686,201,44
687,202,50
688,202,1
689,202,6
690,202,73
691,203,39
692,203,1
693,203,83
694,204,46
695,204,1
696,204,81
697,204,15
698,205,39
699,205,1
700,206,41
701,206,1
702,207,48
703,207,1
704,207,2
705,207,5
706,207,96
707,208,187
708,208,25
709,209,50
710,209,1
711,209,6
712,210,50
713,210,1
714,210,19
715,210,75
716,210,102
717,211,103
718,211,25
719,211,6
720,212,50
721,212,1
722,212,26
723,212,2
724,212,6
725,213,45
726,213,1
727,213,35
728,213,23
729,214,30
730,214,1
731,214,6
732,215,16
733,215,1
734,216,22
735,216,1
736,217,16
737,217,1
738,218,119
739,218,25
740,219,22
741,219,25
742,219,58
743,219,56
744,219,5
745,220,43
746,220,25
747,221,45
748,221,1
749,221,38
750,221,6
751,222,30
752,222,1
753,222,29
754,222,81
755,222,5
756,222,2
757,223,62
758,223,1
759,223,7
760,223,2
761,223,23
762,223,11
763,224,50
764,224,1
765,224,34
766,224,68
767,224,6
768,225,39
769,225,1
770,226,111
771,226,25
772,227,22
773,227,25
774,228,62
775,228,1
776,228,70
777,228,11
778,228,28
779,229,22
780,229,1
781,229,26
782,229,5
783,230,50
784,230,1
785,231,18
786,231,1
787,231,38
788,232,12
789,232,1
790,233,22
791,233,1
792,233,19
793,234,9
794,234,1
795,234,10
796,234,2
797,235,48
798,235,1
799,235,88
800,236,18
801,236,1
802,237,30
803,237,1
804,238,30
805,238,1
806,238,2
807,239,41
808,239,1
809,240,115
810,240,25
811,241,22
812,241,1
813,241,6
814,242,39
815,242,1
816,242,2
817,242,7
818,243,48
819,243,1
820,244,39
821,244,1
822,244,8
823,245,101
824,245,1
825,245,66
826,245,8
827,245,5
828,246,16
829,246,1
830,246,7
831,247,62
832,247,1
833,247,10
834,248,24
835,248,1
836,248,5
837,248,2
838,249,46
839,249,1
840,249,2
841,250,41
842,250,1
843,250,19
844,251,48
845,251,1
846,251,10
847,251,69
848,251,56
849,252,9
850,252,1
851,252,14
852,252,7
853,253,62
854,253,1
855,253,129
856,253,19
857,253,35
858,253,42
859,253,36
860,254,12
861,254,1
862,254,2
863,254,5
864,254,38
865,254,6
866,255,64
867,255,1
868,255,2
869,255,6
870,256,18
871,256,1
872,257,16
873,257,1
874,257,10
875,257,92
876,258,22
877,258,1
878,258,42
879,258,10
880,258,35
881,259,30
882,259,1
883,259,7
884,259,58
885,260,30
886,260,1
887,260,117
888,261,18
889,261,1
890,261,11
891,261,6
892,261,2
893,262,45
894,262,1
895,262,66
896,262,8
897,263,39
898,263,1
899,264,50
900,264,1
901,265,45
902,265,1
903,266,12
904,266,1
905,267,12
906,267,1
907,267,2
908,267,5
909,268,41
910,268,1
911,268,6
912,269,12
913,269,25
914,269,6
915,269,60
916,270,45
917,270,25
918,270,36
919,270,164
920,271,20
921,271,25
922,271,70
923,271,6
924,271,5
925,272,45
926,272,1
927,272,10
928,272,7
929,272,92
930,273,50
931,273,1
932,274,22
933,274,1
934,274,108
935,274,36
936,274,63
937,275,20
938,275,1
939,275,6
940,276,39
941,276,1
942,276,89
943,276,49
944,276,74
945,277,39
946,277,1
947,278,64
948,278,1
949,278,42
950,278,2
951,278,75
952,279,30
953,279,1
954,279,55
955,279,17
956,280,62
957,280,1
958,280,32
959,280,8
960,281,16
961,281,25
962,281,6
963,282,41
964,282,1
965,282,14
966,282,139
967,283,101
968,283,1
969,283,13
970,283,15
971,283,6
972,284,46
973,284,1
974,284,98
975,284,96
976,284,8
977,285,115
978,285,25
979,285,102
980,285,19
981,285,23
982,286,62
983,286,1
984,287,22
985,287,1
986,287,65
987,287,79
988,287,186
989,288,41
990,288,1
991,289,39
992,289,1
993,289,2
994,289,76
995,290,62
996,290,1
997,290,6
998,290,5
999,291,101
1000,291,1
1001,291,5
1002,291,2
1003,291,124
1004,291,10
1005,292,169
1006,292,25
1007,293,62
1008,293,1
1009,293,86
1010,293,17
1011,294,30
1012,294,1
1013,294,83
1014,294,76
1015,294,5
1016,295,30
1017,295,1
1018,296,41
1019,296,1
1020,297,39
1021,297,1
1022,297,5
1023,297,79
1024,297,26
1025,297,66
1026,297,85
1027,298,48
1028,298,1
1029,298,8
1030,299,41
1031,299,1
1032,299,14
1033,300,50
1034,300,1
1035,301,101
1036,301,1
1037,301,66
1038,301,8
1039,301,6
1040,302,30
1041,302,1
1042,302,7
1043,302,58
1044,302,2
1045,303,37
1046,303,1
1047,303,60
1048,303,6
1049,304,16
1050,304,25
1051,304,2
1052,304,5
1053,304,7
1054,305,30
1055,305,1
1056,306,48
1057,306,1
1058,306,8
1059,307,41
1060,307,1
1061,307,75
1062,307,19
1063,307,35
1064,308,9
1065,308,1
1066,309,62
1067,309,1
1068,309,85
1069,309,114
1070,309,17
1071,310,71
1072,310,1
1073,310,29
1074,310,2
1075,310,31
1076,310,42
1077,311,50
1078,311,1
1079,311,6
1080,311,2
1081,312,50
1082,312,1
1083,312,10
1084,312,123
1085,312,68
1086,313,62
1087,313,1
1088,313,15
1089,314,16
1090,314,1
1091,314,6
1092,314,32
1093,315,39
1094,315,1
1095,315,6
1096,316,22
1097,316,1
1098,316,94
1099,316,137
1100,316,73
1101,316,49
1102,316,182
1103,317,64
1104,317,1
1105,317,7
1106,317,69
1107,317,14
1108,318,39
1109,318,1
1110,319,50
1111,319,1
1112,319,53
1113,319,5
1114,320,128
1115,320,25
1116,320,6
1117,321,39
1118,321,1
1119,321,164
1120,321,36
1121,321,198
1122,322,39
1123,322,1
1124,322,11
1125,322,57
1126,323,62
1127,323,1
1128,323,185
1129,323,109
1130,323,5
1131,324,12
1132,324,1
1133,325,64
1134,325,1
1135,326,48
1136,326,1
1137,326,6
1138,327,39
1139,327,1
1140,327,6
1141,327,21
1142,328,20
1143,328,1
1144,328,6
1145,328,11
1146,329,64
1147,329,1
1148,329,2
1149,329,10
1150,330,101
1151,330,1
1152,330,6
1153,330,5
1154,331,16
1155,331,1
1156,331,69
1157,331,92
1158,331,93
1159,332,16
1160,332,1
1161,332,2
1162,332,120
1163,333,16
1164,333,1
1165,333,40
1166,334,16
1167,334,1
1168,334,40
1169,334,2
1170,334,26
1171,335,16
1172,335,1
1173,336,16
1174,336,1
1175,336,10
1176,336,67
1177,336,36
1178,337,16
1179,337,1
1180,337,78
1181,337,2
1182,337,90
1183,337,33
1184,338,16
1185,338,1
1186,338,6
1187,338,54
1188,339,16
1189,339,1
1190,340,16
1191,340,1
1192,341,16
1193,341,1
1194,342,16
1195,342,1
1196,342,5
1197,342,2
1198,342,6
1199,343,16
1200,343,1
1201,343,112
1202,343,97
1203,344,16
1204,344,1
1205,345,12
1206,345,1
1207,345,2
1208,345,32
1209,345,189
1210,346,12
1211,346,1
1212,347,12
1213,347,1
1214,347,31
1215,347,129
1216,347,67
1217,348,12
1218,348,1
1219,349,12
1220,349,1
1221,350,12
1222,350,1
1223,350,2
1224,350,28
1225,351,12
1226,351,1
1227,352,12
1228,352,1
1229,352,8
1230,352,73
1231,352,2
1232,353,12
1233,353,1
1234,353,13
1235,354,12
1236,354,1
1237,354,2
1238,354,7
1239,355,12
1240,355,1
1241,356,12
1242,356,1
1243,357,12
1244,357,1
1245,357,69
1246,357,36
1247,357,40
1248,358,12
1249,358,1
1250,359,12
1251,359,1
1252,360,12
1253,360,1
1254,360,2
1255,361,12
1256,361,1
1257,361,105
1258,361,17
1259,362,12
1260,362,1
1261,362,35
1262,362,19
1263,363,12
1264,363,1
1265,363,2
1266,363,7
1267,363,95
1268,364,12
1269,364,1
1270,365,12
1271,365,1
1272,365,36
1273,365,190
1274,366,12
1275,366,1
1276,367,71
1277,367,1
1278,367,170
1279,367,131
1280,367,124
1281,367,90
1282,368,12
1283,368,1
1284,368,67
1285,368,19
1286,368,102
1287,369,12
1288,369,1
1289,370,12
1290,370,1
1291,370,2
1292,370,5
1293,370,6
1294,371,71
1295,371,1
1296,371,19
1297,371,14
1298,372,12
1299,372,1
1300,372,17
1301,372,105
1302,373,12
1303,373,1
1304,373,58
1305,374,12
1306,374,1
1307,374,167
1308,374,5
1309,374,8
1310,375,12
1311,375,1
1312,376,12
1313,376,1
1314,376,166
1315,376,7
1316,376,49
1317,377,12
1318,377,1
1319,377,40
1320,377,7
1321,377,8
1322,378,12
1323,378,1
1324,378,2
1325,378,135
1326,379,12
1327,379,1
1328,379,5
1329,379,8
1330,379,2
1331,380,12
1332,380,1
1333,381,12
1334,381,1
1335,382,12
1336,382,1
1337,382,151
1338,382,100
1339,382,6
1340,383,12
1341,383,1
1342,383,2
1343,383,83
1344,384,12
1345,384,1
1346,385,12
1347,385,1
1348,385,191
1349,385,40
1350,385,65
1351,386,12
1352,386,1
1353,387,12
1354,387,1
1355,387,2
1356,388,155
1357,388,1
1358,389,9
1359,389,1
1360,389,31
1361,389,80
1362,390,9
1363,390,1
1364,390,91
1365,390,35
1366,390,67
1367,391,71
1368,391,1
1369,391,2
1370,391,15
1371,391,5
1372,392,9
1373,392,1
1374,393,9
1375,393,1
1376,393,7
1377,393,2
1378,394,9
1379,394,1
1380,394,8
1381,395,9
1382,395,1
1383,395,67
1384,396,9
1385,396,1
1386,397,9
1387,397,1
1388,398,9
1389,398,1
1390,398,67
1391,399,9
1392,399,1
1393,399,117
1394,399,6
1395,399,8
1396,400,9
1397,400,1
1398,401,9
1399,401,1
1400,401,140
1401,402,9
1402,402,1
1403,402,135
1404,402,69
1405,402,10
1406,403,71
1407,403,1
1408,403,2
1409,404,9
1410,404,1
1411,404,2
1412,404,167
1413,405,9
1414,405,1
1415,405,15
1416,406,9
1417,406,1
1418,406,86
1419,406,162
1420,407,9
1421,407,1
1422,407,100
1423,407,2
1424,407,5
1425,408,9
1426,408,1
1427,409,9
1428,409,1
1429,410,9
1430,410,1
1431,411,9
1432,411,1
1433,412,9
1434,412,1
1435,412,89
1436,412,79
1437,413,9
1438,413,1
1439,413,15
1440,413,8
1441,414,9
1442,414,1
1443,415,9
1444,415,1
1445,415,8
1446,415,2
1447,415,5
1448,416,9
1449,416,1
1450,416,5
1451,417,9
1452,417,1
1453,417,2
1454,417,10
1455,418,9
1456,418,1
1457,418,36
1458,418,100
1459,419,9
1460,419,1
1461,420,9
1462,420,1
1463,420,40
1464,420,67
1465,421,9
1466,421,1
1467,421,7
1468,421,95
1469,422,9
1470,422,1
1471,423,9
1472,423,1
1473,423,14
1474,423,166
1475,424,9
1476,424,1
1477,425,9
1478,425,1
1479,425,8
1480,425,36
1481,426,9
1482,426,1
1483,426,6
1484,427,9
1485,427,1
1486,428,9
1487,428,1
1488,429,9
1489,429,1
1490,429,6
1491,429,161
1492,429,68
1493,430,9
1494,430,1
1495,431,9
1496,431,1
1497,432,9
1498,432,1
1499,432,11
1500,432,100
1501,433,71
1502,433,1
1503,433,2
1504,433,7
1505,433,5
1506,434,9
1507,434,1
1508,434,105
1509,434,6
1510,434,17
1511,435,9
1512,435,1
1513,436,9
1514,436,1
1515,437,9
1516,437,1
1517,437,137
1518,438,20
1519,438,1
1520,439,20
1521,439,1
1522,439,17
1523,439,192
1524,440,20
1525,440,1
1526,441,20
1527,441,1
1528,442,20
1529,442,1
1530,442,14
1531,442,96
1532,442,193
1533,443,20
1534,443,1
1535,443,2
1536,444,20
1537,444,1
1538,445,20
1539,445,1
1540,446,20
1541,446,1
1542,447,20
1543,447,1
1544,447,5
1545,447,78
1546,448,20
1547,448,1
1548,449,20
1549,449,1
1550,449,152
1551,449,2
1552,450,20
1553,450,1
1554,450,14
1555,450,15
1556,451,20
1557,451,1
1558,452,20
1559,452,1
1560,452,11
1561,452,53
1562,453,20
1563,453,1
1564,454,20
1565,454,1
1566,454,7
1567,454,38
1568,454,49
1569,455,20
1570,455,1
1571,455,158
1572,456,20
1573,456,1
1574,456,8
1575,457,20
1576,457,1
1577,458,20
1578,458,1
1579,458,56
1580,459,20
1581,459,1
1582,460,20
1583,460,1
1584,460,58
1585,460,7
1586,460,56
1587,461,18
1588,461,1
1589,462,18
1590,462,1
1591,462,2
1592,462,5
1593,463,18
1594,463,1
1595,463,38
1596,463,10
1597,464,18
1598,464,1
1599,464,13
1600,464,33
1601,465,18
1602,465,1
1603,465,107
1604,465,59
1605,465,17
1606,466,18
1607,466,1
1608,467,18
1609,467,1
1610,468,18
1611,468,1
1612,468,84
1613,468,121
1614,468,6
1615,468,8
1616,469,18
1617,469,1
1618,469,112
1619,470,18
1620,470,1
1621,470,8
1622,471,18
1623,471,1
1624,472,18
1625,472,1
1626,473,18
1627,473,1
1628,474,47
1629,474,1
1630,475,18
1631,475,1
1632,475,8
1633,476,18
1634,476,1
1635,477,18
1636,477,1
1637,477,8
1638,477,5
1639,478,18
1640,478,1
1641,478,2
1642,478,54
1643,478,27
1644,479,18
1645,479,1
1646,479,14
1647,479,6
1648,480,18
1649,480,1
1650,481,18
1651,481,1
1652,482,18
1653,482,1
1654,483,18
1655,483,1
1656,483,2
1657,483,5
1658,484,18
1659,484,1
1660,485,18
1661,485,1
1662,485,38
1663,485,49
1664,485,113
1665,486,18
1666,486,1
1667,486,36
1668,487,18
1669,487,1
1670,487,8
1671,487,26
1672,488,18
1673,488,1
1674,488,42
1675,489,18
1676,489,1
1677,489,5
1678,489,2
1679,490,18
1680,490,1
1681,491,18
1682,491,1
1683,491,27
1684,491,81
1685,491,2
1686,492,43
1687,492,1
1688,492,6
1689,493,148
1690,493,1
1691,494,43
1692,494,1
1693,495,43
1694,495,1
1695,496,43
1696,496,1
1697,496,38
1698,496,77
1699,497,43
1700,497,1
1701,497,40
1702,498,43
1703,498,1
1704,499,43
1705,499,1
1706,499,170
1707,499,10
1708,500,43
1709,500,1
1710,501,43
1711,501,1
1712,501,96
1713,501,195
1714,501,7
1715,502,43
1716,502,1
1717,502,8
1718,502,5
1719,503,47
1720,503,1
1721,504,43
1722,504,1
1723,505,37
1724,505,1
1725,505,19
1726,505,121
1727,506,37
1728,506,1
1729,507,47
1730,507,1
1731,507,2
1732,507,44
1733,507,6
1734,508,37
1735,508,1
1736,509,37
1737,509,1
1738,509,36
1739,510,37
1740,510,1
1741,510,88
1742,511,47
1743,511,1
1744,511,40
1745,511,65
1746,511,59
1747,512,37
1748,512,1
1749,512,8
1750,512,121
1751,513,37
1752,513,1
1753,514,37
1754,514,1
1755,515,37
1756,515,1
1757,515,15
1758,516,37
1759,516,1
1760,517,37
1761,517,1
1762,518,37
1763,518,1
1764,519,37
1765,519,1
1766,519,38
1767,519,2
1768,520,37
1769,520,1
1770,520,54
1771,520,79
1772,521,37
1773,521,1
1774,522,37
1775,522,1
1776,522,40
1777,522,2
1778,523,24
1779,523,1
1780,524,24
1781,524,1
1782,525,24
1783,525,1
1784,526,24
1785,526,1
1786,527,24
1787,527,1
1788,527,65
1789,527,40
1790,528,24
1791,528,1
1792,529,24
1793,529,1
1794,529,5
1795,530,24
1796,530,1
1797,530,121
1798,530,2
1799,531,24
1800,531,1
1801,531,13
1802,532,24
1803,532,1
1804,533,24
1805,533,1
1806,534,24
1807,534,1
1808,535,24
1809,535,1
1810,535,36
1811,535,147
1812,536,24
1813,536,1
1814,536,88
1815,536,19
1816,536,7
1817,537,24
1818,537,1
1819,537,8
1820,537,6
1821,538,24
1822,538,1
1823,539,24
1824,539,1
1825,539,2
1826,539,15
1827,540,24
1828,540,1
1829,541,24
1830,541,1
1831,542,24
1832,542,1
1833,543,24
1834,543,1
1835,543,7
1836,543,2
1837,544,47
1838,544,1
1839,545,119
1840,545,1
1841,545,6
1842,546,119
1843,546,1
1844,547,171
1845,547,1
1846,548,47
1847,548,1
1848,549,47
1849,549,1
1850,550,111
1851,550,1
1852,551,111
1853,551,1
1854,551,2
1855,551,7
1856,552,196
1857,552,1
1858,552,2
1859,553,3
1860,553,1
1861,553,65
1862,553,10
1863,553,59
1864,553,14
1865,553,197
1866,554,3
1867,554,1
1868,554,11
1869,554,6
1870,554,57
1871,554,2
1872,555,3
1873,555,1
1874,555,35
1875,555,7
1876,555,42
1877,555,2
1878,555,19
1879,556,3
1880,556,1
1881,556,79
1882,556,5
1883,557,3
1884,557,1
1885,557,11
1886,557,21
1887,557,34
1888,558,3
1889,558,1
1890,558,10
1891,558,7
1892,558,33
1893,558,5
1894,559,3
1895,559,1
1896,559,31
1897,559,134
1898,559,80
1899,559,19
1900,560,3
1901,560,1
1902,560,6
1903,560,34
1904,560,21
1905,560,5
1906,560,52
1907,561,3
1908,561,1
1909,561,7
1910,561,10
1911,561,40
1912,561,59
1913,561,2
1914,562,3
1915,562,1
1916,562,63
1917,562,6
1918,563,3
1919,563,1
1920,563,5
1921,563,97
1922,563,56
1923,563,2
1924,564,3
1925,564,1
1926,564,2
1927,564,27
1928,564,5
1929,564,29
1930,565,3
1931,565,1
1932,565,6
1933,565,5
1934,565,2
1935,566,3
1936,566,1
1937,566,32
1938,566,199
1939,566,63
1940,566,90
1941,566,6
1942,567,3
1943,567,1
1944,567,29
1945,567,6
1946,567,53
1947,567,2
1948,568,3
1949,568,1
1950,568,23
1951,568,63
1952,568,6
1953,568,5
1954,569,3
1955,569,1
1956,569,32
1957,569,54
1958,569,90
1959,569,6
1960,570,3
1961,570,1
1962,570,17
1963,570,54
1964,570,5
1965,570,10
1966,570,87
1967,571,3
1968,571,1
1969,571,19
1970,571,42
1971,571,35
1972,571,10
1973,571,14
1974,572,3
1975,572,1
1976,572,99
1977,572,5
1978,572,123
1979,572,52
1980,573,3
1981,573,1
1982,573,13
1983,573,14
1984,573,15
1985,574,3
1986,574,1
1987,574,21
1988,574,34
1989,574,6
1990,575,3
1991,575,1
1992,575,14
1993,575,42
1994,575,27
1995,575,35
1996,576,3
1997,576,1
1998,576,6
1999,577,3
2000,577,1
2001,577,159
2002,577,40
2003,577,122
2004,577,200
2005,577,143
2006,578,3
2007,578,1
2008,578,27
2009,578,5
2010,578,2
2011,578,7
2012,579,3
2013,579,1
2014,580,3
2015,580,1
2016,580,60
2017,580,13
2018,580,72
2019,580,6
2020,581,3
2021,581,1
2022,581,5
2023,581,26
2024,581,52
2025,581,123
2026,582,3
2027,582,1
2028,582,5
2029,582,14
2030,582,42
2031,582,33
2032,582,35
2033,583,3
2034,583,1
2035,583,7
2036,583,38
2037,583,84
2038,583,77
2039,583,82
2040,584,3
2041,584,1
2042,584,27
2043,584,23
2044,584,28
2045,584,5
2046,584,2
2047,585,3
2048,585,1
2049,585,153
2050,585,36
2051,585,5
2052,586,3
2053,586,1
2054,586,54
2055,586,6
2056,586,32
2057,587,3
2058,587,1
2059,587,5
2060,587,33
2061,587,10
2062,587,2
2063,588,3
2064,588,1
2065,588,8
2066,588,13
2067,588,154
2068,588,82
2069,588,74
2070,589,3
2071,589,1
2072,590,3
2073,590,1
2074,590,133
2075,590,19
2076,590,80
2077,590,67
2078,590,31
2079,591,3
2080,591,1
2081,591,11
2082,591,2
2083,591,7
2084,592,3
2085,592,1
2086,592,6
2087,592,60
2088,592,61
2089,592,125
2090,592,8
2091,593,3
2092,593,1
2093,593,29
2094,593,2
2095,593,5
2096,593,78
2097,594,3
2098,594,1
2099,594,81
2100,594,13
2101,594,52
2102,594,154
2103,595,3
2104,595,1
2105,595,10
2106,595,5
2107,595,97
2108,595,56
2109,595,2
2110,596,3
2111,596,1
2112,596,66
2113,596,15
2114,596,13
2115,596,93
2116,596,26
2117,597,3
2118,597,1
2119,597,6
2120,597,60
2121,597,27
2122,598,3
2123,598,1
2124,598,36
2125,598,19
2126,598,91
2127,598,13
2128,598,156
2129,599,3
2130,599,1
2131,599,17
2132,599,11
2133,599,98
2134,599,8
2135,600,3
2136,600,1
2137,600,6
2138,600,104
2139,600,5
2140,601,3
2141,601,1
2142,601,15
2143,601,2
2144,601,5
2145,601,29
2146,602,3
2147,602,1
2148,602,5
2149,602,29
2150,602,2
2151,602,78
2152,603,3
2153,603,1
2154,603,5
2155,603,127
2156,603,90
2157,603,33
2158,603,2
2159,604,3
2160,604,1
2161,604,5
2162,604,78
2163,604,7
2164,605,3
2165,605,1
2166,605,75
2167,605,19
2168,605,5
2169,605,2
2170,605,44
2171,606,3
2172,606,1
2173,606,21
2174,606,6
2175,606,13
2176,606,5
2177,606,8
2178,607,3
2179,607,1
2180,607,13
2181,607,66
2182,607,172
2183,607,55
2184,608,3
2185,608,1
2186,608,28
2187,608,7
2188,608,110
2189,609,3
2190,609,1
2191,609,13
2192,610,3
2193,610,1
2194,610,5
2195,610,92
2196,610,90
2197,610,33
2198,610,2
2199,611,3
2200,611,1
2201,611,6
2202,611,2
2203,612,3
2204,612,1
2205,612,11
2206,612,57
2207,612,132
2208,612,5
2209,612,2
2210,613,3
2211,613,1
2212,613,35
2213,613,5
2214,613,80
2215,613,8
2216,613,15
2217,614,3
2218,614,1
2219,614,32
2220,614,54
2221,614,14
2222,614,10
2223,614,13
2224,615,3
2225,615,1
2226,615,6
2227,615,5
2228,615,2
2229,615,21
2230,616,3
2231,616,1
2232,616,28
2233,616,27
2234,616,112
2235,616,72
2236,616,2
2237,617,3
2238,617,1
2239,617,2
2240,617,78
2241,617,5
2242,618,3
2243,618,1
2244,618,35
2245,618,75
2246,618,13
2247,618,42
2248,619,3
2249,619,1
2250,619,6
2251,619,34
2252,620,3
2253,620,1
2254,620,31
2255,620,28
2256,620,14
2257,620,7
2258,620,5
2259,621,3
2260,621,1
2261,621,11
2262,621,49
2263,621,125
2264,622,3
2265,622,1
2266,622,44
2267,622,76
2268,622,5
2269,622,2
2270,623,3
2271,623,1
2272,623,5
2273,623,97
2274,623,6
2275,623,70
2276,623,157
2277,624,3
2278,624,1
2279,624,49
2280,624,147
2281,624,73
2282,625,3
2283,625,1
2284,625,7
2285,625,58
2286,625,5
2287,625,53
2288,626,3
2289,626,1
2290,626,49
2291,626,13
2292,626,89
2293,627,3
2294,627,1
2295,627,143
2296,627,2
2297,627,5
2298,627,122
2299,628,3
2300,628,1
2301,628,5
2302,628,108
2303,628,150
2304,628,120
2305,629,3
2306,629,1
2307,629,2
2308,629,5
2309,630,3
2310,630,1
2311,630,6
2312,630,68
2313,630,23
2314,630,5
2315,630,21
2316,631,3
2317,631,1
2318,631,11
2319,631,21
2320,631,2
2321,631,6
2322,631,57
2323,632,3
2324,632,1
2325,632,5
2326,632,2
2327,632,23
2328,633,3
2329,633,1
2330,633,6
2331,633,21
2332,633,54
2333,633,34
2334,634,3
2335,634,1
2336,634,32
2337,634,6
2338,634,54
2339,634,124
2340,635,3
2341,635,1
2342,635,7
2343,635,33
2344,636,3
2345,636,1
2346,636,6
2347,636,60
2348,636,5
2349,636,44
2350,636,76
2351,637,3
2352,637,1
2353,637,28
2354,637,5
2355,637,7
2356,638,3
2357,638,1
2358,638,82
2359,638,21
2360,639,3
2361,639,1
2362,639,10
2363,639,5
2364,639,14
2365,639,116
2366,639,2
2367,640,3
2368,640,1
2369,640,23
2370,640,2
2371,640,19
2372,640,53
2373,640,7
2374,641,136
2375,641,1
2376,642,3
2377,642,1
2378,642,14
2379,642,33
2380,642,2
2381,642,29
2382,643,3
2383,643,1
2384,643,36
2385,643,31
2386,643,42
2387,643,14
2388,643,28
2389,644,3
2390,644,1
2391,644,99
2392,644,176
2393,644,8
2394,645,3
2395,645,1
2396,645,66
2397,645,8
2398,645,55
2399,645,13
2400,646,3
2401,646,1
2402,646,126
2403,646,116
2404,646,10
2405,647,3
2406,647,1
2407,647,7
2408,647,33
2409,647,127
2410,647,2
2411,648,3
2412,648,1
2413,648,58
2414,648,2
2415,648,7
2416,649,3
2417,649,1
2418,649,78
2419,649,5
2420,650,3
2421,650,1
2422,650,7
2423,650,2
2424,650,58
2425,650,29
2426,651,3
2427,651,1
2428,651,6
2429,651,13
2430,651,74
2431,652,3
2432,652,1
2433,652,6
2434,652,21
2435,653,3
2436,653,1
2437,653,61
2438,653,11
2439,653,82
2440,654,3
2441,654,1
2442,654,17
2443,654,149
2444,654,65
2445,654,55
2446,654,10
2447,655,3
2448,655,1
2449,655,21
2450,655,5
2451,655,6
2452,656,3
2453,656,1
2454,656,11
2455,656,6
2456,656,13
2457,657,3
2458,657,1
2459,657,114
2460,657,40
2461,657,59
2462,657,65
2463,657,99
2464,658,3
2465,658,1
2466,658,2
2467,658,5
2468,658,29
2469,658,44
2470,658,33
2471,659,3
2472,659,1
2473,659,11
2474,659,7
2475,659,2
2476,660,3
2477,660,1
2478,661,3
2479,661,1
2480,661,26
2481,662,3
2482,662,1
2483,662,5
2484,662,2
2485,662,44
2486,662,6
2487,662,142
2488,663,3
2489,663,1
2490,663,2
2491,663,5
2492,664,3
2493,664,1
2494,664,79
2495,664,14
2496,664,90
2497,664,33
2498,664,94
2499,665,3
2500,665,1
2501,665,32
2502,665,54
2503,666,3
2504,666,1
2505,666,7
2506,666,2
2507,667,3
2508,667,1
2509,667,5
2510,667,94
2511,667,23
2512,667,27
2513,667,29
2514,668,3
2515,668,1
2516,668,10
2517,668,23
2518,668,5
2519,668,14
2520,668,33
2521,669,3
2522,669,1
2523,669,5
2524,669,2
2525,669,27
2526,669,72
2527,669,10
2528,670,3
2529,670,1
2530,670,5
2531,670,2
2532,670,44
2533,671,3
2534,671,1
2535,671,52
2536,671,26
2537,671,109
2538,671,99
2539,672,3
2540,672,1
2541,672,70
2542,672,58
2543,672,56
2544,672,5
2545,672,97
2546,673,178
2547,673,1
2548,673,23
2549,673,53
2550,673,14
2551,673,10
2552,673,7
2553,674,3
2554,674,1
2555,674,81
2556,674,6
2557,674,21
2558,675,3
2559,675,1
2560,675,2
2561,675,6
2562,675,10
2563,675,70
2564,675,11
2565,676,3
2566,676,1
2567,676,11
2568,676,61
2569,676,49
2570,676,2
2571,676,5
2572,677,3
2573,677,1
2574,677,31
2575,677,13
2576,677,55
2577,677,17
2578,678,3
2579,678,1
2580,678,44
2581,678,5
2582,678,29
2583,678,2
2584,679,3
2585,679,1
2586,679,82
2587,679,11
2588,679,13
2589,679,8
2590,679,61
2591,680,3
2592,680,1
2593,680,7
2594,680,23
2595,680,53
2596,681,3
2597,681,1
2598,681,13
2599,681,55
2600,681,14
2601,681,31
2602,681,138
2603,682,3
2604,682,1
2605,682,42
2606,682,19
2607,682,35
2608,683,3
2609,683,1
2610,683,10
2611,683,126
2612,683,13
2613,684,3
2614,684,1
2615,684,31
2616,684,146
2617,685,3
2618,685,1
2619,685,135
2620,685,69
2621,685,102
2622,686,3
2623,686,1
2624,686,21
2625,686,6
2626,686,34
2627,686,26
2628,686,52
2629,687,3
2630,687,1
2631,687,54
2632,687,69
2633,687,32
2634,687,2
2635,687,14
2636,688,3
2637,688,1
2638,689,3
2639,689,1
2640,689,8
2641,689,83
2642,689,76
2643,689,5
2644,690,136
2645,690,1
2646,691,3
2647,691,1
2648,691,11
2649,691,57
2650,691,61
2651,691,6
2652,691,21
2653,692,3
2654,692,1
2655,692,72
2656,692,82
2657,692,2
2658,692,95
2659,692,7
2660,693,3
2661,693,1
2662,693,6
2663,693,13
2664,694,3
2665,694,1
2666,694,11
2667,694,8
2668,694,61
2669,695,3
2670,695,1
2671,695,53
2672,695,5
2673,695,72
2674,695,7
2675,695,2
2676,696,3
2677,696,1
2678,696,7
2679,696,28
2680,696,23
2681,697,3
2682,697,1
2683,697,65
2684,697,59
2685,697,26
2686,697,114
2687,697,87
2688,698,3
2689,698,1
2690,698,7
2691,698,2
2692,698,5
2693,699,3
2694,699,1
2695,700,3
2696,700,1
2697,700,7
2698,700,38
2699,700,29
2700,701,3
2701,701,1
2702,701,11
2703,701,70
2704,701,57
2705,702,3
2706,702,1
2707,702,44
2708,702,131
2709,702,6
2710,702,21
2711,703,3
2712,703,1
2713,703,2
2714,703,52
2715,703,10
2716,704,3
2717,704,1
2718,704,6
2719,704,23
2720,704,68
2721,704,5
2722,705,3
2723,705,1
2724,705,162
2725,705,86
2726,705,55
2727,705,17
2728,705,31
2729,706,3
2730,706,1
2731,707,3
2732,707,1
2733,707,6
2734,707,2
2735,708,3
2736,708,1
2737,708,11
2738,708,6
2739,708,57
2740,709,3
2741,709,1
2742,709,28
2743,709,5
2744,709,2
2745,709,27
2746,709,7
2747,710,3
2748,710,1
2749,710,5
2750,710,6
2751,710,23
2752,710,21
2753,711,3
2754,711,1
2755,711,49
2756,711,125
2757,711,8
2758,712,3
2759,712,1
2760,712,11
2761,712,61
2762,712,13
2763,713,3
2764,713,1
2765,713,5
2766,713,2
2767,713,6
2768,714,3
2769,714,1
2770,714,129
2771,714,31
2772,714,5
2773,714,14
2774,714,19
2775,715,3
2776,715,1
2777,715,14
2778,715,10
2779,715,118
2780,715,7
2781,715,92
2782,716,3
2783,716,1
2784,716,70
2785,716,6
2786,716,130
2787,717,3
2788,717,1
2789,717,11
2790,717,57
2791,717,6
2792,717,5
2793,717,13
2794,718,3
2795,718,1
2796,718,5
2797,718,2
2798,718,55
2799,719,3
2800,719,1
2801,719,5
2802,719,2
2803,719,78
2804,719,10
2805,719,33
2806,720,3
2807,720,1
2808,720,21
2809,720,5
2810,720,6
2811,720,2
2812,720,27
2813,721,3
2814,721,1
2815,721,6
2816,721,13
2817,721,74
2818,721,49
2819,721,84
2820,722,3
2821,722,1
2822,722,2
2823,722,6
2824,722,68
2825,723,3
2826,723,1
2827,724,3
2828,724,1
2829,724,122
2830,724,59
2831,724,40
2832,725,3
2833,725,1
2834,725,35
2835,725,91
2836,725,13
2837,726,3
2838,726,1
2839,726,31
2840,726,181
2841,726,42
2842,726,19
2843,727,3
2844,727,1
2845,727,6
2846,727,23
2847,727,5
2848,728,3
2849,728,1
2850,728,2
2851,728,29
2852,728,6
2853,728,5
2854,728,104
2855,729,3
2856,729,1
2857,729,34
2858,729,6
2859,730,3
2860,730,1
2861,730,27
2862,730,28
2863,730,7
2864,730,5
2865,730,29
2866,731,3
2867,731,1
2868,731,21
2869,731,6
2870,731,11
2871,732,3
2872,732,1
2873,732,6
2874,732,13
2875,732,34
2876,733,3
2877,733,1
2878,733,29
2879,733,5
2880,733,72
2881,734,3
2882,734,1
2883,734,11
2884,734,53
2885,735,3
2886,735,1
2887,735,5
2888,735,6
2889,735,34
2890,735,70
2891,735,157
2892,736,3
2893,736,1
2894,736,11
2895,736,6
2896,736,23
2897,736,27
2898,736,2
2899,737,3
2900,737,1
2901,737,10
2902,737,5
2903,737,69
2904,737,141
2905,737,2
2906,738,3
2907,738,1
2908,738,72
2909,738,2
2910,738,5
2911,739,3
2912,739,1
2913,739,6
2914,739,21
2915,739,5
2916,740,3
2917,740,1
2918,740,6
2919,740,5
2920,740,28
2921,740,72
2922,740,2
2923,741,3
2924,741,1
2925,741,5
2926,741,76
2927,741,19
2928,741,2
2929,741,88
2930,742,3
2931,742,1
2932,742,5
2933,742,2
2934,742,7
2935,742,168
2936,742,28
2937,743,3
2938,743,1
2939,743,5
2940,743,2
2941,743,120
2942,744,3
2943,744,1
2944,744,23
2945,744,5
2946,744,2
2947,744,7
2948,744,29
2949,745,3
2950,745,1
2951,745,11
2952,745,13
2953,746,3
2954,746,1
2955,747,3
2956,747,1
2957,747,13
2958,747,6
2959,748,3
2960,748,1
2961,748,11
2962,748,6
2963,749,3
2964,749,1
2965,749,10
2966,749,5
2967,749,6
2968,749,32
2969,750,3
2970,750,1
2971,750,87
2972,750,6
2973,750,17
2974,750,52
2975,751,3
2976,751,1
2977,751,6
2978,751,34
2979,751,21
2980,751,2
2981,751,5
2982,752,3
2983,752,1
2984,752,57
2985,752,5
2986,752,2
2987,752,11
2988,752,10
2989,753,3
2990,753,1
2991,753,11
2992,753,56
2993,753,5
2994,754,3
2995,754,1
2996,754,7
2997,754,28
2998,754,2
2999,754,27
3000,754,5
3001,755,3
3002,755,1
3003,755,31
3004,755,17
3005,755,14
3006,755,138
3007,756,3
3008,756,1
3009,756,5
3010,756,2
3011,756,78
3012,757,3
3013,757,1
3014,757,52
3015,757,5
3016,757,2
3017,758,3
3018,758,1
3019,758,5
3020,758,2
3021,758,168
3022,759,3
3023,759,1
3024,760,3
3025,760,1
3026,760,84
3027,760,11
3028,760,6
3029,760,13
3030,760,72
3031,761,3
3032,761,1
3033,761,14
3034,761,118
3035,761,7
3036,761,2
3037,761,53
3038,762,3
3039,762,1
3040,762,11
3041,762,28
3042,762,2
3043,763,3
3044,763,1
3045,763,2
3046,763,17
3047,763,98
3048,763,14
3049,763,32
3050,764,3
3051,764,1
3052,764,63
3053,764,6
3054,764,5
3055,764,2
3056,765,3
3057,765,1
3058,765,2
3059,765,5
3060,766,3
3061,766,1
3062,766,60
3063,766,81
3064,766,6
3065,766,11
3066,767,3
3067,767,1
3068,767,7
3069,767,5
3070,767,2
3071,768,3
3072,768,1
3073,768,7
3074,768,23
3075,769,3
3076,769,1
3077,769,5
3078,769,2
3079,769,7
3080,770,3
3081,770,1
3082,770,5
3083,770,2
3084,770,27
3085,771,3
3086,771,1
3087,771,31
3088,771,179
3089,771,80
3090,772,3
3091,772,1
3092,772,36
3093,772,35
3094,772,91
3095,772,15
3096,773,3
3097,773,1
3098,773,11
3099,773,6
3100,774,3
3101,774,1
3102,775,3
3103,775,1
3104,775,10
3105,775,95
3106,775,126
3107,775,13
3108,775,23
3109,776,3
3110,776,1
3111,776,13
3112,776,74
3113,776,6
3114,776,161
3115,776,34
3116,777,3
3117,777,1
3118,777,80
3119,777,31
3120,777,134
3121,777,133
3122,777,19
3123,778,4
3124,778,1
3125,778,61
3126,778,11
3127,778,2
3128,778,7
3129,779,3
3130,779,1
3131,779,53
3132,779,7
3133,779,19
3134,779,2
3135,779,29
3136,780,4
3137,780,1
3138,780,42
3139,780,19
3140,780,67
3141,781,4
3142,781,1
3143,781,146
3144,781,10
3145,781,139
3146,782,4
3147,782,1
3148,782,13
3149,782,49
3150,782,6
3151,783,4
3152,783,1
3153,783,7
3154,783,58
3155,783,110
3156,784,4
3157,784,1
3158,784,56
3159,784,112
3160,784,177
3161,784,10
3162,784,2
3163,785,4
3164,785,1
3165,785,8
3166,785,2
3167,785,15
3168,786,4
3169,786,1
3170,786,6
3171,786,34
3172,787,4
3173,787,1
3174,787,61
3175,788,4
3176,788,1
3177,788,15
3178,788,5
3179,789,4
3180,789,1
3181,789,15
3182,789,77
3183,789,5
3184,790,4
3185,790,1
3186,790,26
3187,790,109
3188,790,5
3189,791,4
3190,791,1
3191,791,150
3192,791,5
3193,791,2
3194,791,127
3195,791,33
3196,792,4
3197,792,1
3198,792,6
3199,792,34
3200,793,4
3201,793,1
3202,793,15
3203,793,93
3204,793,66
3205,794,4
3206,794,1
3207,795,4
3208,795,1
3209,796,4
3210,796,1
3211,796,17
3212,796,87
3213,796,107
3214,796,160
3215,796,8
3216,797,4
3217,797,1
3218,797,88
3219,797,91
3220,797,6
3221,797,63
3222,798,4
3223,798,1
3224,798,14
3225,798,10
3226,799,4
3227,799,1
3228,799,5
3229,799,26
3230,800,4
3231,800,1
3232,800,32
3233,800,2
3234,800,6
3235,801,4
3236,801,1
3237,801,7
3238,801,2
3239,801,23
3240,802,4
3241,802,1
3242,803,4
3243,803,1
3244,803,55
3245,803,8
3246,804,4
3247,804,1
3248,804,66
3249,804,26
3250,804,55
3251,805,4
3252,805,1
3253,805,8
3254,805,84
3255,805,15
3256,806,4
3257,806,1
3258,806,40
3259,806,26
3260,806,5
3261,807,4
3262,807,1
3263,807,17
3264,807,85
3265,807,26
3266,808,4
3267,808,1
3268,808,10
3269,808,17
3270,809,4
3271,809,1
3272,810,4
3273,810,1
3274,810,114
3275,810,17
3276,810,160
3277,810,158
3278,810,85
3279,811,4
3280,811,1
3281,811,28
3282,811,53
3283,811,27
3284,811,23
3285,811,7
3286,812,4
3287,812,1
3288,812,31
3289,812,80
3290,812,133
3291,813,4
3292,813,1
3293,813,5
3294,813,73
3295,813,33
3296,813,2
3297,813,29
3298,814,4
3299,814,1
3300,814,86
3301,814,17
3302,814,40
3303,814,59
3304,815,4
3305,815,1
3306,815,104
3307,815,2
3308,815,10
3309,815,33
3310,816,4
3311,816,1
3312,816,17
3313,816,175
3314,816,174
3315,817,4
3316,817,1
3317,817,11
3318,817,132
3319,817,7
3320,817,61
3321,817,84
3322,818,4
3323,818,1
3324,818,57
3325,818,11
3326,818,6
3327,818,21
3328,818,15
3329,819,4
3330,819,1
3331,819,26
3332,819,81
3333,819,15
3334,820,4
3335,820,1
3336,820,83
3337,820,44
3338,820,5
3339,820,2
3340,821,4
3341,821,1
3342,821,17
3343,822,4
3344,822,1
3345,822,32
3346,822,54
3347,822,8
3348,823,4
3349,823,1
3350,823,109
3351,823,10
3352,823,96
3353,823,2
3354,823,5
3355,824,4
3356,824,1
3357,824,13
3358,824,60
3359,824,6
3360,825,4
3361,825,1
3362,825,13
3363,825,8
3364,825,6
3365,825,15
3366,826,4
3367,826,1
3368,826,109
3369,826,2
3370,826,26
3371,827,4
3372,827,1
3373,827,28
3374,827,2
3375,828,4
3376,828,1
3377,829,4
3378,829,1
3379,829,85
3380,829,13
3381,829,17
3382,829,99
3383,829,86
3384,830,4
3385,830,1
3386,830,145
3387,830,110
3388,830,58
3389,831,4
3390,831,1
3391,831,11
3392,831,57
3393,831,132
3394,832,4
3395,832,1
3396,832,6
3397,832,131
3398,832,11
3399,833,4
3400,833,1
3401,833,73
3402,834,4
3403,834,1
3404,834,38
3405,834,100
3406,834,130
3407,834,113
3408,835,4
3409,835,1
3410,835,17
3411,835,87
3412,835,2
3413,835,5
3414,835,23
3415,836,4
3416,836,1
3417,836,33
3418,836,2
3419,836,153
3420,837,4
3421,837,1
3422,837,102
3423,837,19
3424,837,35
3425,837,36
3426,838,4
3427,838,1
3428,838,36
3429,838,19
3430,838,13
3431,839,4
3432,839,1
3433,839,75
3434,839,74
3435,839,94
3436,839,100
3437,839,14
3438,840,4
3439,840,1
3440,840,15
3441,840,66
3442,840,93
3443,841,4
3444,841,1
3445,841,6
3446,842,4
3447,842,1
3448,842,17
3449,842,63
3450,842,122
3451,843,4
3452,843,1
3453,844,4
3454,844,1
3455,845,47
3456,845,1
3457,846,4
3458,846,1
3459,846,10
3460,846,77
3461,847,4
3462,847,1
3463,847,38
3464,848,4
3465,848,1
3466,848,2
3467,848,116
3468,848,5
3469,848,29
3470,848,72
3471,849,4
3472,849,1
3473,849,17
3474,849,105
3475,849,98
3476,849,165
3477,849,32
3478,850,4
3479,850,1
3480,850,15
3481,850,8
3482,851,4
3483,851,1
3484,851,5
3485,851,2
3486,851,33
3487,852,4
3488,852,1
3489,852,27
3490,852,5
3491,852,2
3492,853,4
3493,853,1
3494,853,17
3495,853,2
3496,853,5
3497,854,4
3498,854,1
3499,854,173
3500,854,35
3501,854,42
3502,854,91
3503,854,19
3504,855,4
3505,855,1
3506,855,2
3507,855,5
3508,855,95
3509,856,4
3510,856,1
3511,857,4
3512,857,1
3513,857,6
3514,857,32
3515,857,2
3516,857,54
3517,857,34
3518,858,4
3519,858,1
3520,858,8
3521,858,5
3522,858,15
3523,859,4
3524,859,1
3525,860,4
3526,860,1
3527,860,32
3528,860,14
3529,860,6
3530,861,4
3531,861,1
3532,861,28
3533,861,14
3534,862,4
3535,862,1
3536,863,4
3537,863,1
3538,863,5
3539,863,15
3540,863,6
3541,864,4
3542,864,1
3543,864,61
3544,864,11
3545,864,7
3546,865,4
3547,865,1
3548,866,4
3549,866,1
3550,866,26
3551,866,15
3552,866,5
3553,867,4
3554,867,1
3555,867,2
3556,868,4
3557,868,1
3558,868,82
3559,868,106
3560,869,4
3561,869,1
3562,869,8
3563,869,2
3564,869,79
3565,869,5
3566,870,4
3567,870,1
3568,871,4
3569,871,1
3570,871,66
3571,871,8
3572,871,6
3573,872,4
3574,872,1
3575,872,5
3576,872,2
3577,872,76
3578,873,4
3579,873,1
3580,874,4
3581,874,1
3582,874,15
3583,875,4
3584,875,1
3585,875,74
3586,875,8
3587,875,11
3588,875,82
3589,876,4
3590,876,1
3591,877,4
3592,877,1
3593,877,7
3594,877,6
3595,877,14
3596,878,4
3597,878,1
3598,878,5
3599,878,2
3600,879,4
3601,879,1
3602,879,7
3603,879,2
3604,879,5
3605,879,70
3606,880,4
3607,880,1
3608,880,56
3609,880,59
3610,880,6
3611,880,11
3612,881,4
3613,881,1
3614,881,57
3615,882,4
3616,882,1
3617,882,26
3618,882,52
3619,882,5
3620,882,15
3621,883,4
3622,883,1
3623,883,60
3624,883,6
3625,883,81
3626,884,4
3627,884,1
3628,884,2
3629,884,5
3630,884,6
3631,885,4
3632,885,1
3633,885,5
3634,885,2
3635,885,106
3636,885,75
3637,885,44
3638,886,4
3639,886,1
3640,886,55
3641,886,8
3642,886,5
3643,886,2
3644,886,52
3645,887,4
3646,887,1
3647,887,49
3648,887,6
3649,887,13
3650,887,5
3651,888,4
3652,888,1
3653,888,2
3654,888,32
3655,888,6
3656,889,4
3657,889,1
3658,889,34
3659,889,32
3660,889,6
3661,890,4
3662,890,1
3663,890,108
3664,890,77
3665,890,44
3666,890,2
3667,890,84
3668,891,4
3669,891,1
3670,891,13
3671,891,59
3672,891,89
3673,892,4
3674,892,1
3675,892,96
3676,892,14
3677,892,141
3678,893,4
3679,893,1
3680,893,32
3681,893,6
3682,894,4
3683,894,1
3684,895,4
3685,895,1
3686,896,4
3687,896,1
3688,896,36
3689,896,75
3690,896,13
3691,897,4
3692,897,1
3693,897,2
3694,897,5
3695,897,28
3696,898,103
3697,898,1
3698,899,4
3699,899,1
3700,899,2
3701,899,69
3702,899,27
3703,900,4
3704,900,1
3705,900,6
3706,900,14
3707,901,4
3708,901,1
3709,902,4
3710,902,1
3711,903,4
3712,903,1
3713,903,5
3714,903,15
3715,903,8
3716,904,4
3717,904,1
3718,905,4
3719,905,1
3720,905,31
3721,905,19
3722,905,59
3723,905,139
3724,905,80
3725,906,4
3726,906,1
3727,906,202
3728,906,31
3729,906,67
3730,907,4
3731,907,1
3732,907,23
3733,907,7
3734,907,10
3735,908,4
3736,908,1
3737,908,2
3738,908,8
3739,908,5
3740,909,4
3741,909,1
3742,909,10
3743,909,7
3744,909,33
3745,910,4
3746,910,1
3747,910,44
3748,910,6
3749,910,29
3750,910,5
3751,911,4
3752,911,1
3753,911,8
3754,911,19
3755,911,83
3756,911,2
3757,911,5
3758,912,4
3759,912,1
3760,912,13
3761,912,6
3762,913,4
3763,913,1
3764,913,123
3765,913,8
3766,913,52
3767,913,26
3768,914,4
3769,914,1
3770,914,49
3771,914,6
3772,914,13
3773,915,4
3774,915,1
3775,915,85
3776,915,23
3777,915,5
3778,915,17
3779,916,4
3780,916,1
3781,916,7
3782,916,77
3783,916,89
3784,916,5
3785,917,4
3786,917,1
3787,917,89
3788,917,65
3789,917,14
3790,918,4
3791,918,1
3792,918,6
3793,918,5
3794,918,21
3795,919,4
3796,919,1
3797,919,79
3798,919,8
3799,919,2
3800,919,5
3801,919,32
3802,920,3
3803,920,1
3804,920,5
3805,920,6
3806,920,2
3807,921,103
3808,921,1
3809,922,4
3810,922,1
3811,922,6
3812,922,19
3813,923,4
3814,923,1
3815,923,2
3816,923,6
3817,923,52
3818,923,5
3819,924,4
3820,924,1
3821,924,61
3822,925,4
3823,925,1
3824,925,17
3825,925,79
3826,925,86
3827,926,4
3828,926,1
3829,926,7
3830,926,5
3831,926,2
3832,927,4
3833,927,1
3834,927,5
3835,927,2
3836,927,15
3837,928,4
3838,928,1
3839,928,7
3840,928,116
3841,928,69
3842,928,53
3843,928,10
3844,929,4
3845,929,1
3846,929,6
3847,929,11
3848,930,4
3849,930,1
3850,930,56
3851,930,2
3852,930,5
3853,931,4
3854,931,1
3855,931,104
3856,931,68
3857,931,6
3858,931,5
3859,932,4
3860,932,1
3861,932,38
3862,932,29
3863,932,113
3864,933,4
3865,933,1
3866,933,8
3867,933,2
3868,933,5
3869,934,4
3870,934,1
3871,934,6
3872,934,68
3873,934,34
3874,935,4
3875,935,1
3876,935,8
3877,935,54
3878,935,5
3879,935,2
3880,935,32
3881,936,4
3882,936,1
3883,936,8
3884,936,52
3885,936,83
3886,937,4
3887,937,1
3888,937,5
3889,938,4
3890,938,1
3891,938,106
3892,938,73
3893,939,4
3894,939,1
3895,939,13
3896,939,6
3897,939,34
3898,939,60
3899,940,4
3900,940,1
3901,940,28
3902,940,27
3903,940,2
3904,941,4
3905,941,1
3906,941,28
3907,941,7
3908,941,27
3909,942,4
3910,942,1
3911,942,19
3912,942,42
3913,942,2
3914,942,35
3915,942,5
3916,943,4
3917,943,1
3918,943,10
3919,943,17
3920,943,98
3921,943,2
3922,944,4
3923,944,1
3924,945,4
3925,945,1
3926,945,2
3927,946,4
3928,946,1
3929,946,2
3930,947,4
3931,947,1
3932,948,4
3933,948,1
3934,948,10
3935,948,55
3936,948,15
3937,949,4
3938,949,1
3939,949,6
3940,949,5
3941,949,21
3942,950,4
3943,950,1
3944,950,13
3945,950,74
3946,950,73
3947,950,11
3948,951,4
3949,951,1
3950,951,2
3951,951,5
3952,951,33
3953,952,4
3954,952,1
3955,952,5
3956,952,17
3957,952,2
3958,953,4
3959,953,1
3960,953,6
3961,954,4
3962,954,1
3963,954,8
3964,954,15
3965,954,26
3966,954,74
3967,954,6
3968,955,4
3969,955,1
3970,955,53
3971,955,5
3972,955,7
3973,956,4
3974,956,1
3975,956,68
3976,956,6
3977,957,4
3978,957,1
3979,957,70
3980,957,2
3981,957,11
3982,958,4
3983,958,1
3984,958,118
3985,958,2
3986,958,6
3987,959,4
3988,959,1
3989,960,4
3990,960,1
3991,960,6
3992,960,13
3993,960,5
3994,961,4
3995,961,1
3996,961,57
3997,961,34
3998,961,11
3999,962,4
4000,962,1
4001,962,6
4002,962,2
4003,963,4
4004,963,1
4005,963,7
4006,963,89
4007,963,27
4008,964,4
4009,964,1
4010,964,17
4011,964,149
4012,964,31
4013,965,4
4014,965,1
4015,965,6
4016,965,13
4017,965,11
4018,966,4
4019,966,1
4020,966,56
4021,966,5
4022,966,23
4023,966,70
4024,967,4
4025,967,1
4026,967,2
4027,967,56
4028,967,13
4029,967,29
4030,967,63
4031,968,4
4032,968,1
4033,968,11
4034,968,6
4035,969,4
4036,969,1
4037,970,4
4038,970,1
4039,970,2
4040,970,27
4041,970,33
4042,971,4
4043,971,1
4044,972,4
4045,972,1
4046,972,7
4047,972,2
4048,972,23
4049,973,4
4050,973,1
4051,974,4
4052,974,1
4053,974,6
4054,974,104
4055,974,34
4056,974,5
4057,974,21
4058,975,4
4059,975,1
4060,975,6
4061,975,2
4062,975,5
4063,975,23
4064,975,63
4065,976,4
4066,976,1
4067,976,6
4068,976,5
4069,976,2
4070,977,4
4071,977,1
4072,977,75
4073,977,156
4074,977,35
4075,978,4
4076,978,1
4077,978,2
4078,978,38
4079,979,4
4080,979,1
4081,980,4
4082,980,1
4083,980,2
4084,980,5
4085,980,72
4086,980,27
4087,981,4
4088,981,1
4089,981,6
4090,981,11
4091,982,4
4092,982,1
4093,982,87
4094,982,65
4095,982,107
4096,982,17
4097,983,4
4098,983,1
4099,983,130
4100,983,38
4101,983,13
4102,983,126
4103,983,14
4104,984,4
4105,984,1
4106,984,59
4107,984,40
4108,985,4
4109,985,1
4110,986,4
4111,986,1
4112,986,15
4113,986,8
4114,987,4
4115,987,1
4116,987,6
4117,987,142
4118,987,21
4119,988,4
4120,988,1
4121,988,68
4122,988,6
4123,988,144
4124,989,4
4125,989,1
4126,989,2
4127,989,127
4128,989,108
4129,989,7
4130,989,23
4131,990,4
4132,990,1
4133,990,6
4134,990,2
4135,990,5
4136,991,4
4137,991,1
4138,991,6
4139,991,5
4140,991,68
4141,992,4
4142,992,1
4143,992,2
4144,992,35
4145,992,5
4146,993,4
4147,993,1
4148,993,6
4149,994,4
4150,994,1
4151,994,44
4152,994,2
4153,994,5
4154,995,4
4155,995,1
4156,995,74
4157,995,13
4158,995,73
4159,995,77
4160,995,152
4161,996,4
4162,996,1
4163,996,6
4164,996,60
4165,996,13
4166,997,4
4167,997,1
4168,997,88
4169,997,19
4170,997,63
4171,998,4
4172,998,1
4173,998,6
4174,998,5
4175,998,2
4176,999,4
4177,999,1
4178,999,19
4179,999,67
4180,999,134
4181,1000,4
4182,1000,1
4183,1000,6
4184,1000,32
4185,1000,140
